{
  "shocks_used": {
    "t1_cpo": 24.722203273753333,
    "t1_coal": 54.99185388915676,
    "t1_nickel": 35.29409829499963,
    "t1_copper": 31.82942961503026,
    "t1_rubber": 20.672322724091856,
    "t1_oilgas": 66.70638517060209,
    "t1_electronics": 2.141642969379502,
    "t2_HortiCrops": -0.8780009090324512,
    "t2_Estates": 0.22714337365315956,
    "t2_Forestry": 0.1670210655902582,
    "t2_Fishery": 0.4421093938193908,
    "t2_Coal": 0.2301809149354447,
    "t2_OilGasGeo": 0.9329142978915381,
    "t2_IronOre": 0.1685176800654706,
    "t2_FoodMan": 0.15323778767177892,
    "t2_Tobacco": 0.29853777293389144,
    "t2_Textiles": 0.2656889454656882,
    "t2_Leather": 0.18490718027000752,
    "t2_WoodProd": 0.10459633874775595,
    "t2_PaperProd": 0.2050071486899466,
    "t2_NonMetalProd": -0.18510896827595968,
    "t2_CoalOilMan": 0.5144339986004177,
    "t2_Chemical": 0.2675355147925469,
    "t2_Rubber": 0.23657638184203247,
    "t2_BasicMetal": 0.3471588466191442,
    "t2_MetalProd": 0.4397838056047595,
    "t2_Machinery": 0.29115361796853095,
    "t2_TranspEquip": -0.6666680946110349,
    "t2_Furniture": 0.25235239475044124,
    "t2_OtherMan": 0.061898390189151775,
    "t3_cultural_rec": -1.5277777777777781,
    "t3_food_bev_tobacco": -5.2027777777777775,
    "t3_fuel": -7.5777777777777775,
    "t3_household_equip": 7.413888888888889,
    "t3_ict_equipment": 25.961111111111116,
    "t3_other_goods": 1.5916666666666668,
    "t3_sandang": -0.26111111111111196,
    "t3_spare_parts": -3.5027777777777778
  },
  "missing": [],
  "periods": {
    "theme1": "2026M05",
    "theme2": {
      "current": "WEO April 2026",
      "prior": "WEO April 2025"
    },
    "theme3": "2026-05"
  },
  "E_min": 0.0,
  "E_max": 5.403995539253763,
  "dL_total": 544858.2717494894,
  "placeholder": true
}